{
    "Cvox+Cmd+Cmd":["cvox","ChromeVox key"], 
	"Cvox+Ctrl":["stopSpeech","stop_speech_key"], 
	"Cvox+Ctrl>Ctrl":["toggleStickyMode","toggle_sticky_mode"], 
	"Cvox+Z":["toggleKeyPrefix","toggle_key_prefix"], 
	"#9":["handleTab","handle_tab_next"], 
	"Shift+#9":["handleTab","handle_tab_prev"], 
	"Cvox+#38":["backward","backward"], 
	"Cvox+#40":["forward","forward"], 
	"Cvox+#37":["left","left"], 
	"Cvox+#39":["right","right"], 
	"Cvox+#37":["skipBackward","skip_backward"], 
	"Cvox+#39":["skipForward","skip_forward"], 
	"Cvox+#189":["previousGranularity","previous_granularity"], 
	"Cvox+#187":["nextGranularity","next_granularity"], 
	"Cvox+#32":["forceClickOnCurrentItem","force_click_on_current_item"], 
	"Cvox+R>R":["readFromHere","read_from_here"], 
	"Cvox+I>L":["readLinkURL","read_link_url"], 
	"Cvox+I>T":["readCurrentTitle","read_current_title"], 
	"Cvox+I>U":["readCurrentURL","read_current_url"], 
	"Cvox+I>J":["announcePosition","announce_position"], 
	"Cvox+I>K":["fullyDescribe","fully_describe"], 
	"Cvox+I>F":["toggleFilteringWidget","toggle_filtering_widget"], 
	"Cvox+#191":["toggleSearchWidget","toggle_search_widget"], 
	"Cvox+I>O":["showOptionsPage","show_options_page"], 
	"Cvox+I>K":["showKbExplorerPage","show_kb_explorer_page"], 
	"Cvox+I>I":["filterLikeCurrentItem","filter_item"], 
	"Cvox+#190":["showPowerKey","show_power_key"], 
	"Cvox+#191>#191":["help","help"], 
	"Cvox+A>A":["toggleChromeVox","toggle_chromevox_active"], 
	"Cvox+N>N":["nextTtsEngine","Switch to next TTS engine"], 
	"Cvox+#186>#186":["decreaseTtsPitch","decrease_tts_pitch"], 
	"Cvox+#222>#222":["increaseTtsPitch","increase_tts_pitch"], 
	"Cvox+#219":["decreaseTtsRate","decrease_tts_rate"], 
	"Cvox+#221":["increaseTtsRate","increase_tts_rate"], 
	"Cvox+M>E":["showLens","show_lens"], 
	"Cvox+M>M":["toggleLens","toggle_lens"], 
	"Cvox+M>A":["anchorLens","anchor_lens"], 
	"Cvox+M>F":["floatLens","float_lens"], 
	"Cvox+L>F":["showFormsList","show_forms_list"], 
	"Cvox+L>H":["showHeadingsList","show_headings_list"], 
	"Cvox+L>J":["showJumpsList","show_jumps_list"], 
	"Cvox+L>L":["showLinksList","show_links_list"], 
	"Cvox+L>T":["showTablesList","show_tables_list"], 
	"Cvox+L>#186":["showLandmarksList","show_landmarks_list"], 
	"Cvox+T>E":["toggleTable","toggle_table"], 
	"Cvox+T>H":["announceHeaders","announce_headers"], 
	"Cvox+T>L":["speakTableLocation","speak_table_location"], 
	"Cvox+T>R":["guessRowHeader","guess_row_header"], 
	"Cvox+T>C":["guessColHeader","guess_col_header"], 
	"Cvox+T>[":["skipToBeginning","skip_to_beginning"], 
	"Cvox+T>]":["skipToEnd","skip_to_end"], 
	"Cvox+T>;":["skipToRowBeginning","skip_to_row_beginning"], 
	"Cvox+T>'":["skipToRowEnd","skip_to_row_end"], 
	"Cvox+T>#191":["skipToColBeginning","skip_to_col_beginning"], 
	"Cvox+T>#190":["skipToColEnd","skip_to_col_end"], 
	"Cvox+1":["nextHeading1","next_heading1"], 
	"Cvox+2":["nextHeading2","next_heading2"], 
	"Cvox+3":["nextHeading3","next_heading3"], 
	"Cvox+4":["nextHeading4","next_heading4"], 
	"Cvox+5":["nextHeading5","next_heading5"], 
	"Cvox+6":["nextHeading6","next_heading6"], 
	"Cvox+A":["nextAnchor","next_anchor"], 
	"Cvox+C":["nextComboBox","next_combo_box"], 
	"Cvox+D":["nextDifferentElement","next different element"], 
	"Cvox+E":["nextEditText","next_edit_text"], 
	"Cvox+F":["nextFormField","next_form_field"], 
	"Cvox+G":["nextGraphic","next_graphic"], 
	"Cvox+H":["nextHeading","next_heading"], 
	"Cvox+I":["nextListItem","next_list_item"], 
	"Cvox+J":["nextJump","next_jump"], 
	"Cvox+L":["nextLink","next_link"], 
	"Cvox+O":["nextList","next_list"], 
	"Cvox+Q":["nextBlockquote","next_blockquote"], 
	"Cvox+R":["nextRadio","next_radio"], 
	"Cvox+S":["nextSimilarElement","nextSimilarElement"], 
	"Cvox+T":["nextTable","next_table"], 
	"Cvox+B":["nextButton","next_button"], 
	"Cvox+X":["nextCheckbox","next_checkbox"], 
	"Cvox+#186":["nextLandmark","next_landmark"], 
	"Cvox+P>1":["previousHeading1","previous_heading1"], 
	"Cvox+P>2":["previousHeading2","previous_heading2"], 
	"Cvox+P>3":["previousHeading3","previous_heading3"], 
	"Cvox+P>4":["previousHeading4","previous_heading4"], 
	"Cvox+P>5":["previousHeading5","previous_heading5"], 
	"Cvox+P>6":["previousHeading6","previous_heading6"], 
	"Cvox+P>A":["previousAnchor","previous_anchor"], 
	"Cvox+P>C":["previousComboBox","previous_combo_box"], 
	"Cvox+P>D":["previousDifferentElement","previous different element"], 
	"Cvox+P>E":["previousEditText","previous_edit_text"], 
	"Cvox+P>F":["previousFormField","previous_form_field"], 
	"Cvox+P>G":["previousGraphic","previous_graphic"], 
	"Cvox+P>H":["previousHeading","previous_heading"], 
	"Cvox+P>I":["previousListItem","previous_list_item"], 
	"Cvox+P>J":["previousJump","previous_jump"], 
	"Cvox+P>L":["previousLink","previous_link"], 
	"Cvox+P>O":["previousList","previous_list"], 
	"Cvox+P>Q":["previousBlockquote","previous_blockquote"], 
	"Cvox+P>K":["previousRadio","previous_radio"], 
	"Cvox+P>S":["previousSimilarElement","previous_slider"], 
	"Cvox+P>T":["previousTable","previous_table"], 
	"Cvox+P>B":["previousButton","previous_button"], 
	"Cvox+P>X":["previousCheckbox","previous_checkbox"], 
	"Cvox+P>#186":["previousLandmark","previous_landmark"], 
	"Cvox+V>R":["readMacroFromHtml","Read macro from HTML"], 
	"Cvox+V>A":["addMacroWriter","Add the macro writer to the page"], 
	"Cvox+V>H":["startHistoryRecording","Start history recording"], 
	"Cvox+V>S":["stopHistoryRecording","Stop history recording"], 
	"Cvox+V>T":["runTests","Run some basic tests using the current page"], 
	"Cvox+V>C":["enterCssSpace","enter_css_space"]
}