{
    "Ctrl+": ["stopSpeech", "stop_speech_key"],
    "Ctrl+Z": ["toggleKeyPrefix", "toggle_key_prefix"],
    "#9": ["handleTab", "handle_tab_next"],
    "Shift+#9": ["handleTab", "handle_tab_prev"],
    "Cvox+#38": ["backward", "backward"],
    "Cvox+#40": ["forward", "forward"],
    "Cvox+#37": ["left", "left"],
    "Cvox+#39": ["right", "right"],
    "#37": ["skipBackward", "skip_backward"],
    "#39": ["skipForward", "skip_forward"],
    "Cvox+#189": ["previousGranularity", "previous_granularity"],
    "Cvox+#187": ["nextGranularity", "next_granularity"],
    "Cvox+#32": ["forceClickOnCurrentItem", "force_click_on_current_item"],
    "Cvox+U": ["readLinkURL", "read_link_url"],
    "Cvox+C>T": ["readCurrentTitle", "read_current_title"],
    "Cvox+C>U": ["readCurrentURL", "read_current_url"],
    "Cvox+R": ["readFromHere", "read_from_here"],
    "Cvox+J": ["announcePosition", "announce_position"],
    "Cvox+K": ["fullyDescribe", "fully_describe"],
    "Cvox+#190": ["showPowerKey", "show_power_key"],
    "Cvox": ["hidePowerKey", "hide_power_key"],
    "Cvox+H": ["help", "help"],
    "Cvox+I>F": ["toggleFilteringWidget", "toggle_filtering_widget"],
    "Cvox+#191": ["toggleSearchWidget", "toggle_search_widget"],
    "Cvox+O>W": ["showOptionsPage", "show_options_page"],
    "Cvox+O>K": ["showKbExplorerPage", "show_kb_explorer_page"],
    "Cvox+A>A": ["toggleChromeVox", "toggle_chromevox_active"],
    "Cvox+#186": ["decreaseTtsPitch", "decrease_tts_pitch"],
    "Cvox+#222": ["increaseTtsPitch", "increase_tts_pitch"],
    "Cvox+#219": ["decreaseTtsRate", "decrease_tts_rate"],
    "Cvox+#221": ["increaseTtsRate", "increase_tts_rate"],
    "Cvox+M>E": ["showLens", "show_lens"],
    "Cvox+M>#8": ["hideLens", "hide_lens"],
    "Cvox+M>M": ["toggleLens", "toggle_lens"],
    "Cvox+M>A": ["anchorLens", "anchor_lens"],
    "Cvox+M>F": ["floatLens", "float_lens"],
    "Cvox+L>F": ["showFormsList", "show_forms_list"],
    "Cvox+L>H": ["showHeadingsList", "show_headings_list"],
    "Cvox+L>J": ["showJumpsList", "show_jumps_list"],
    "Cvox+L>L": ["showLinksList", "show_links_list"],
    "Cvox+L>T": ["showTablesList", "show_tables_list"],
    "Cvox+L>#186": ["showLandmarksList", "show_landmarks_list"],
    "Cvox+T>E": ["toggleTable", "toggle_table"],
    "Cvox+T>H": ["announceHeaders", "announce_headers"],
    "Cvox+T>L": ["speakTableLocation", "speak_table_location"],
    "Cvox+T>R": ["guessRowHeader", "guess_row_header"],
    "Cvox+T>C": ["guessColHeader", "guess_col_header"],
    "Cvox+T>#219": ["skipToBeginning", "skip_to_beginning"],
    "Cvox+T>#221": ["skipToEnd", "skip_to_end"],
    "Cvox+T>#186": ["skipToRowBeginning", "skip_to_row_beginning"],
    "Cvox+T>#222": ["skipToRowEnd", "skip_to_row_end"],
    "Cvox+T>#188": ["skipToColBeginning", "skip_to_col_beginning"],
    "Cvox+T>#190": ["skipToColEnd", "skip_to_col_end"],
    "Cvox+N>1": ["nextHeading1", "next_heading1"],
    "Cvox+P>1": ["previousHeading1", "previous_heading1"],
    "Cvox+N>2": ["nextHeading2", "next_heading2"],
    "Cvox+P>2": ["previousHeading2", "previous_heading2"],
    "Cvox+N>3": ["nextHeading3", "next_heading3"],
    "Cvox+P>3": ["previousHeading3", "previous_heading3"],
    "Cvox+N>4": ["nextHeading4", "next_heading4"],
    "Cvox+P>4": ["previousHeading4", "previous_heading4"],
    "Cvox+N>5": ["nextHeading5", "next_heading5"],
    "Cvox+P>5": ["previousHeading5", "previous_heading5"],
    "Cvox+N>6": ["nextHeading6", "next_heading6"],
    "Cvox+P>6": ["previousHeading6", "previous_heading6"],
    "Cvox+N>A": ["nextAnchor", "next_anchor"],
    "Cvox+P>A": ["previousAnchor", "previous_anchor"],
    "Cvox+N>C": ["nextComboBox", "next_combo_box"],
    "Cvox+P>C": ["previousComboBox", "previous_combo_box"],
    "Cvox+N>D": ["nextDifferentElement", "next different element"],
    "Cvox+P>D": ["previousDifferentElement", "previous different element"],
    "Cvox+N>E": ["nextEditText", "next_edit_text"],
    "Cvox+P>E": ["previousEditText", "previous_edit_text"],
    "Cvox+N>F": ["nextFormField", "next_form_field"],
    "Cvox+P>F": ["previousFormField", "previous_form_field"],
    "Cvox+N>G": ["nextGraphic", "next_graphic"],
    "Cvox+P>G": ["previousGraphic", "previous_graphic"],
    "Cvox+N>H": ["nextHeading", "next_heading"],
    "Cvox+P>H": ["previousHeading", "previous_heading"],
    "Cvox+N>I": ["nextListItem", "next_list_item"],
    "Cvox+P>I": ["previousListItem", "previous_list_item"],
    "Cvox+N>J": ["nextJump", "next_jump"],
    "Cvox+P>J": ["previousJump", "previous_jump"],
    "Cvox+N>L": ["nextLink", "next_link"],
    "Cvox+P>L": ["previousLink", "previous_link"],
    "Cvox+N>O": ["nextList", "next_list"],
    "Cvox+P>O": ["previousList", "previous_list"],
    "Cvox+N>Q": ["nextBlockquote", "next_blockquote"],
    "Cvox+P>Q": ["previousBlockquote", "previous_blockquote"],
    "Cvox+N>R": ["nextRadio", "next_radio"],
    "Cvox+P>R": ["previousRadio", "previous_radio"],
    "Cvox+N>S": ["nextSimilarElement", "nextSimilarElement"],
    "Cvox+P>S": ["previousSimilarElement", "previous_slider"],
    "Cvox+N>T": ["nextTable", "next_table"],
    "Cvox+P>T": ["previousTable", "previous_table"],
    "Cvox+N>B": ["nextButton", "next_button"],
    "Cvox+P>B": ["previousButton", "previous_button"],
    "Cvox+N>X": ["nextCheckbox", "next_checkbox"],
    "Cvox+P>X": ["previousCheckbox", "previous_checkbox"],
    "Cvox+N>#186": ["nextLandmark", "next_landmark"],
    "Cvox+P>#186": ["previousLandmark", "previous_landmark"],
    "Cvox+B>B": ["benchmark", "benchmark"],
    "Cvox+B>F": ["readMacroFromHtml", "Read macro from HTML"],
    "Cvox+B>G": ["addMacroWriter", "Add the macro writer to the page"],
    "Cvox+B>H": ["startHistoryRecording", "Start history recording"],
    "Cvox+B>U": ["stopHistoryRecording", "Stop history recording"],
    "Cvox+B>T": ["runTests", "Run some basic tests using the current page"],
    "Cvox+B>C": ["enableConsoleTts", "Write debugging TTS output to window.console"],
    "Cvox+G": ["enterCssSpace", "enter_css_space"],
    "Cvox+I>I": ["filterLikeCurrentItem", "filter_item"]
}